<application>
  <component name="LogHighlightingSettings">
    <highlightingPatterns>
      <LogHighlightingPattern enabled="false" pattern="^\s*ERROR?\s*$" action="HIGHLIGHT_LINE" fg="-42697" stripe="true" />
      <LogHighlightingPattern pattern="^\s*w(arn(ing)?)?\s*$" action="HIGHLIGHT_LINE" fg="-22016" bold="true" />
      <LogHighlightingPattern pattern="^\s*INFO?\s*$" fg="-4259723" bold="true" />
      <LogHighlightingPattern pattern="^\d{4}-\d{2}-\d{2} \d{2}:\d{2}:\d{2}" fg="-16711688" bold="true" />
      <LogHighlightingPattern pattern="^\s*([\s\S]*?(?=\n\d{4}|$))" action="HIGHLIGHT_LINE" fg="-3604571" />
      <LogHighlightingPattern enabled="false" pattern="^[\S\s]*Status:\sPASSED[\s]*$" fg="-16727281" bold="true" />
      <LogHighlightingPattern pattern="^\s*Status:\sPASSED\n$" fg="-16711913" bold="true" />
      <LogHighlightingPattern pattern="^\s*Status:\sFAILED\n$" fg="-65498" bold="true" stripe="true" />
      <LogHighlightingPattern pattern="^\s*ERROR?\s*" fg="-65498" bold="true" stripe="true" />
      <LogHighlightingPattern pattern="^\s*ERROR?\s*$" action="HIGHLIGHT_LINE" fg="-42697" stripe="true" />
    </highlightingPatterns>
    <hiddenSubstrings>
      <option value="Status" />
    </hiddenSubstrings>
    <parsingPatterns>
      <LogParsingPattern name="Pipe-separated" pattern="^(?s)([^|]*)\|([^|]*)\|([^|]*)\|(.*)$" timePattern="HH:mm:ss.SSS" linePattern="^\d" timeId="0" severityId="1" categoryId="2" />
      <LogParsingPattern name="IntelliJ IDEA" pattern="^([^\[]+)(\[[\s\d]+])\s*(\w*)\s*-\s*(\S*)\s*-(.+)$" timePattern="yyyy-MM-dd HH:mm:ss,SSS" linePattern="^\d" timeId="0" severityId="2" categoryId="3" />
      <LogParsingPattern name="TeamCity build log" pattern="^\[([^]]+)](.):\s*(\[[^]]+])?(.*)$" timePattern="HH:mm:ss" linePattern="^\[" timeId="0" severityId="1" categoryId="2" />
      <LogParsingPattern enabled="false" name="converter logger" pattern="^(\d{4}-\d{2}-\d{2} \d{2}:\d{2}:\d{2})::([a-zA-Z]*):([\s\S]*?(?=\n\d{4}|\Z))" timePattern="yyyy-MM-dd HH:mm:ss" linePattern="^\d" timeId="0" severityId="1" categoryId="2" fullmatch="true" />
      <LogParsingPattern name="converter logger status" pattern="^(\d{4}-\d{2}-\d{2} \d{2}:\d{2}:\d{2})::([a-zA-Z]*):((\s*Status:\s(PASSED|FAILED)\n)|[\s\S])*?(?=\n\d{4}|\Z)" timePattern="yyyy-MM-dd HH:mm:ss" linePattern="^\d" timeId="0" severityId="1" categoryId="2" fullmatch="true" />
    </parsingPatterns>
    <settingsVersion>4</settingsVersion>
    <lastAddedDefaultFormat>3</lastAddedDefaultFormat>
  </component>
</application>